train_circ_mse_rad_ch,test_circ_mse_rad_ch,train_circ_mse_deg_ch,test_circ_mse_deg_ch,fold,perm,train_circ_mse_rad_sac,train_circ_mse_deg_sac,test_circ_mse_rad_sac,test_circ_mse_deg_sac
3.274556847753996,3.2809200061795685,10749.736013281257,10770.625030166857,0,obs,3.101173008195152,10180.550443788066,3.1888489311732053,10468.373520483563
3.276545678549627,3.28242636624017,10756.264959646252,10775.570118539203,1,obs,3.1020928393835847,10183.570071454393,3.173673943984637,10418.556976179581
3.2693461064798917,3.2805850195070834,10732.630158738359,10769.525333791256,2,obs,3.0602811353105315,10046.310343818563,3.146228805305088,10328.459900645406
3.2748069297934927,3.2944913624075483,10750.556984188546,10815.17716457034,3,obs,3.1250950401346493,10259.081842144233,3.363046180889216,11040.229358005861
3.27080436382287,3.2842505006145113,10737.417335203836,10781.558398446565,4,obs,2.9804256518615717,9784.160255669058,3.1513523584755077,10345.279533527884
3.2724464041769536,3.292850134852184,10742.8078357052,10809.789332329774,0,0,3.095521487285212,10161.99759505769,3.5084166581769285,11517.452483950201
3.2716321629123972,3.3004025371179795,10740.134839311471,10834.582406445776,1,0,3.045717981433954,9998.502329796333,3.474831621297024,11407.199311615477
3.275591914060245,3.2800851740785637,10753.13393552409,10767.884438044483,2,0,3.0914044683438124,10148.482219133748,3.1042880023197768,10190.776366280634
3.273944849562616,3.283494237058626,10747.7269417324,10779.075731643023,3,0,3.0908117712558316,10146.53650936969,3.293530073491968,10812.02143921408
3.272528675214768,3.287921879155383,10743.07791559056,10793.610823233837,4,0,3.0867624468349923,10133.243361447701,3.277880427029542,10760.64668043179
3.2749030293952988,3.2893041632761917,10750.872460571582,10798.148594323144,0,1,3.134022531568522,10288.389067713026,3.1954004719977678,10489.880960304796
3.2753040023848783,3.3030884757095484,10752.18877724796,10843.399822709918,1,1,3.1122296674416683,10216.847314972449,3.4084453579461162,11189.266064733565
3.2752476179282453,3.2788100576199595,10752.003677995686,10763.698477637177,2,1,3.15966060159522,10372.553886798716,3.1105269767176154,10211.257711051421
3.2762243868882157,3.296840745985032,10755.210221339968,10822.88973589712,3,1,3.1483414648134738,10335.39535269495,3.3696540268357382,11061.921636639005
3.276575324013846,3.281884991339292,10756.362279964447,10773.792889576867,4,1,3.1292090637022314,10272.587384835988,3.1693252406729013,10404.281025333501
3.2725894600289642,3.294138764978339,10743.277460364581,10814.019655490732,0,2,3.1054484909087408,10194.586025589602,3.3216815098140073,10904.43715313402
3.27453995744459,3.2888259825763795,10749.680565666285,10796.578819685355,1,2,3.099561073713775,10175.2587750368,3.372647314388538,11071.748020024746
3.2773201844921025,3.2874672279614137,10758.80751267233,10792.118291407232,2,2,3.1128329238414656,10218.827688912386,3.1879325630221307,10465.365261298264
3.272574271500247,3.2906903069883273,10743.227599366068,10802.699035703376,3,2,3.0250341306253197,9930.601253019055,3.250634432409364,10671.20335628028
3.273067339779431,3.2874244881337313,10744.846247043959,10791.977984829522,4,2,3.0886496768215923,10139.438772031644,3.243359097813689,10647.31984167114
3.2746509854216,3.2960496503554753,10750.045049014247,10820.292722140945,0,3,3.086204826451851,10131.412801713026,3.2369970488209368,10626.434466838646
3.27209331483615,3.286270820753664,10741.64871177509,10788.190718228434,1,3,3.0919216158809855,10150.179914352673,3.2299919467300353,10603.438073212155
3.2761633415050255,3.290929919457296,10755.009821168394,10803.485637038048,2,3,3.1018552272864026,10182.790036952923,3.2219853664435183,10577.154020605696
3.278659391235972,3.293141481845645,10763.203869075089,10810.745768089968,3,3,3.1097037245341017,10208.55513355572,3.2794094123789113,10765.666043245772
3.276633948505375,3.2862985122127415,10756.5547328175,10788.281623926134,4,3,3.139593227488743,10306.67658365391,3.299395927616132,10831.277902381129
3.2756314671664466,3.2874063613126543,10753.263780712294,10791.918477986183,0,4,3.104203373603284,10190.498546592738,3.1909360120247947,10475.225002756146
3.2739811527142235,3.2811468107011548,10747.846117949019,10771.36958549053,1,4,3.0922904541495684,10151.390738962906,3.163991655413396,10386.771897775267
3.275822660833231,3.2977199228402427,10753.891432495699,10825.775903260186,2,4,3.120984774632831,10245.588636454631,3.473047022389678,11401.340818990213
3.276938160274583,3.284223336900225,10757.553401145202,10781.469225232817,3,4,3.156150706146287,10361.03157973108,3.308794181055489,10862.130548450867
3.272299890298833,3.2917099357634423,10742.326859015742,10806.046279520975,4,4,3.0530690767520117,10022.634552185997,3.3179555243051624,10892.205464245533
3.2703650763460614,3.296184084422658,10735.97523948549,10820.734043150347,0,5,3.050000926245078,10012.562408219044,3.3885675982678336,11124.011229037691
3.2739153645619092,3.2782010897617724,10747.630148184848,10761.69935408537,1,5,3.1124516903999693,10217.576173349806,3.1179765564089874,10235.713238567172
3.2745970707569168,3.299506708632397,10749.868057610662,10831.641575004784,2,5,3.070386265125932,10079.483528144254,3.328887514167791,10928.093069984832
3.2724513087335363,3.278219955406511,10742.823936414696,10761.761286343708,3,5,3.074259330496597,10092.198051737081,3.194773360331822,10487.822274145661
3.273505500459146,3.2809525514408446,10746.28464370565,10770.731869957237,4,5,3.060190688449062,10046.013424287392,3.188925326317461,10468.624310948233
3.27479439545375,3.3003026667944173,10750.515836378443,10834.25455151341,0,6,3.087313958685596,10135.053868052972,3.42290656589879,11236.739410029439
3.2766562723785735,3.2977970229476563,10756.628017770197,10826.02900798239,1,6,3.132533477965571,10283.50079308975,3.3872519120199724,11119.692085868586
3.2795418494363457,3.302034721611716,10766.1008084589,10839.940552066204,2,6,3.1749944995450172,10422.892104358742,3.4184751799004416,11222.192027934709
3.275833530872111,3.291137540503152,10753.927116728359,10804.167216725784,3,6,3.1015665632539644,10181.842408834218,3.2960250981734083,10820.212122081746
3.2757608843898485,3.2764391454804933,10753.688632395077,10755.915232210416,4,6,3.041090940139361,9983.312649252677,3.032974326170575,9956.667377375352
3.2758651608417693,3.3135799018416385,10754.030951793606,10877.841143037022,0,7,3.113900136066405,10222.33113998123,3.484741745460292,11439.732330148056
3.276220096726625,3.2870263417239625,10755.196137570261,10790.670947267296,1,7,3.1350714962758954,10291.83261571533,3.2062810360209055,10525.599744971661
3.273606281588398,3.2877575781319996,10746.615488636726,10793.071454790961,2,7,3.029890664384662,9946.54431288327,3.369701553002043,11062.07765583954
3.272093637129415,3.294881442842861,10741.64976980147,10816.457723100402,3,7,3.0883486649949807,10138.450608495818,3.4129831183955126,11204.162653551672
3.270121223443763,3.2923889527877734,10735.174717629367,10808.27536092022,4,7,3.0881720800992807,10137.870914478894,3.2462193101924557,10656.709365030532
3.274441748830904,3.2960913956571747,10749.358165805643,10820.429763882446,0,8,3.124062621833012,10255.692612787752,3.396329582384336,11149.492319784034
3.2745176289745195,3.2965097795847136,10749.607265622953,10821.80323729651,1,8,3.12413019514896,10255.914442898436,3.4482019712043206,11319.779327192555
3.274987435764332,3.2989194447987567,10751.14955033583,10829.713701562576,2,8,3.1037331534635593,10188.954904932147,3.434958663513416,11276.304112609696
3.2763881049570003,3.3003522302264447,10755.747676055786,10834.417258662794,3,8,3.1084546627798226,10204.454705697215,3.3695306135544905,11061.51649473565
3.2756647694969465,3.3010051963380116,10753.373105814333,10836.56081996019,4,8,3.10650364082742,10198.049878442855,3.365872888995969,11049.50889332834
3.276485303376198,3.3030533591810647,10756.066759643543,10843.284541947221,0,9,3.1313137727206635,10279.496736966626,3.4368350662398095,11282.463979395081
3.2735170173965953,3.2894826360132843,10746.32245158105,10798.734485757783,1,9,3.0711807902088766,10082.09180013179,3.1669219950091168,10396.391635207789
3.272678109091906,3.299417589612621,10743.568478071336,10831.349014520756,2,9,3.1103853265304253,10210.792700917433,3.3777099186572506,11088.367569465672
3.273492381886273,3.289621724149,10746.241577971325,10799.191085172917,3,9,3.1022250220547094,10184.004001566522,3.220529118655654,10572.37344112051
3.2760280908119013,3.290844591282873,10754.565819334157,10803.20552116522,4,9,3.0910398167246123,10147.285138482694,3.459156235459298,11355.740055448503
3.274364740890099,3.3002449299299172,10749.105363648574,10834.065012567995,0,10,3.1277552731350937,10267.814871930603,3.5206885476239145,11557.738720553409
3.278613765235717,3.2834878391214257,10763.054087751721,10779.054728454155,1,10,3.166167101578681,10393.913466260772,3.1827895949675016,10448.48189311062
3.2730251397186896,3.2878568724474193,10744.70771241659,10793.397418800145,2,10,3.07325133188737,10088.888987501909,3.3465880117801157,10986.200375944942
3.277276582902981,3.2884501949255847,10758.664377098694,10795.345181599067,3,10,3.1553849054883987,10358.517604468521,3.3582473197964955,11024.475626337853
3.270744182763536,3.2902986298789463,10737.219772440107,10801.413235601543,4,10,3.0556378093685805,10031.06720393115,3.272421079084072,10742.724698329477
3.268153001153619,3.300968351051471,10728.713424997046,10836.43986401957,0,11,3.0482705236244025,10006.881831507812,3.4666592618892595,11380.371038257086
3.276181304552765,3.2917646595986696,10755.068790375577,10806.22592727476,1,11,3.1522168254958527,10348.117411351648,3.1956562397861545,10490.72059642464
3.2767299065290594,3.289078168939703,10756.869744426982,10797.406698680257,2,11,3.0962496854792914,10164.388128713284,3.2936937645802855,10812.558805358247
3.2742064358168066,3.2800234855161685,10748.585678748736,10767.681926440131,3,11,3.116421000081694,10230.606648378132,3.144271270370534,10322.03369253188
3.2744133533741246,3.2872807035327596,10749.264949019827,10791.505967828418,4,11,3.1294055629683672,10273.232453874634,3.31043017726229,10867.501207187148
3.2795983432392553,3.290305703778529,10766.286266673818,10801.436457844015,0,12,3.135662650926752,10293.773261957,3.264454445073219,10716.571781610428
3.276575864244831,3.3034209757537734,10756.364053438148,10844.491355966478,1,12,3.1632337144566933,10384.283724389668,3.4515832491479244,11330.879407896975
3.2825494891877907,3.2902396682126485,10775.974307333487,10801.219675869015,2,12,3.2147398310815034,10553.368331110043,3.307185298336902,10856.848898045866
3.2734198003655957,3.2986531580376814,10746.003306894358,10828.839533692393,3,12,3.1158522393191572,10228.739516935242,3.3726696871800703,11071.821465566858
3.276462877212275,3.286461298018753,10755.993138890202,10788.816018203801,4,12,3.1053630819875093,10194.305644640637,3.2401620100448145,10636.824421641935
3.2789279187953633,3.289376125255989,10764.08539305221,10798.384831567388,0,13,3.1792777225686066,10436.953096099096,3.35767705997614,11022.603573778437
3.27651385603858,3.2952937026394076,10756.160492504912,10817.81109217836,1,13,3.1475617209497164,10332.835604587624,3.3757203972558196,11081.83635597557
3.2754063997311853,3.2897461122657927,10752.52492790664,10799.599427272593,2,13,3.063072194662609,10055.472851182823,3.235782213838865,10622.446398845286
3.2705071837842645,3.2959033451738207,10736.441750686012,10819.81243056157,3,13,3.028383488458215,9941.596546181345,3.4935020726736026,11468.490787952094
3.276748486746982,3.286908679741076,10756.930739684367,10790.284685762721,4,13,3.1190711428990214,10239.306554047298,3.3468461447692377,10987.04777656078
3.2758769856592482,3.293753473074638,10754.069770379507,10812.754816782657,0,14,3.1481298656635466,10334.70071366191,3.3806697659892078,11098.084175082087
3.276555726880214,3.2770270159885295,10756.297946369716,10757.845097247184,1,14,3.1275586286954113,10267.16932631532,3.1604537844394094,10375.157752476342
3.2776292154119187,3.279825440066534,10759.82200133826,10767.031781580481,2,14,3.173254122206651,10417.178782580937,3.1179114409064264,10235.499476981882
3.2696432779566167,3.2821091617678766,10733.605715149195,10774.52879768331,3,14,3.027335899279377,9938.157513772852,3.229985969724309,10603.418451859805
3.27472548076183,3.303001025023419,10750.289602790204,10843.11273904218,4,14,3.0295291553464287,9945.357548716971,3.494393940266025,11471.418616547866
3.279111321616241,3.2736164660995963,10764.6874689972,10746.648922414763,0,15,3.12613720602975,10262.503070962437,3.024722205589043,9929.57726352924
3.274903702041619,3.282921720413192,10750.874668739194,10777.196270363906,1,15,3.049498662885838,10010.913574873952,3.2096475018883113,10536.651200498278
3.2776177157012167,3.292167203481147,10759.784250014953,10807.54740088832,2,15,3.0858160663914718,10130.136577718184,3.2409305516524554,10639.347394911747
3.273682760787698,3.2946819039909583,10746.866555037835,10815.8026756903,3,15,3.1006007607004005,10178.671866078517,3.3932087408372635,11139.247201335924
3.275106904503536,3.300850787918389,10751.541743071515,10836.053927019753,4,15,3.0876548816726244,10136.17305219965,3.360568741770115,11032.096405133912
3.270668883940168,3.2940966359738173,10736.972580984604,10813.881354127172,0,16,3.0224391802259647,9922.082533370089,3.343102243003414,10974.75727207011
3.2730273357954354,3.2786298895787698,10744.714921711276,10763.107020847488,1,16,3.1176627965332386,10234.683225654688,3.1870671328230147,10462.524221545116
3.278054575500519,3.285446048037143,10761.218376138151,10785.483149117326,2,16,3.150007717709106,10340.865338281454,3.269659722525524,10733.659699484428
3.2751207595334533,3.291436192855377,10751.5872264517,10805.14763456411,3,16,3.047863618084703,10005.546039418234,3.205615536003071,10523.41503728718
3.2766690228436883,3.2988682325863423,10756.669875078032,10829.545581786462,4,16,3.0813582148853036,10115.502314486324,3.3290399258459606,10928.593408009745
3.2758640812421653,3.292096205352383,10754.027407677168,10807.31432778037,0,17,3.1197629195049994,10241.577522682188,3.351706407036529,11003.003076394562
3.2778343484901993,3.2972246157660523,10760.495413510229,10824.149906051829,1,17,3.1147475364735953,10225.112991418953,3.4857782942053075,11443.135118950291
3.2694834030886204,3.2959761705035597,10733.080876917333,10820.051502016478,2,17,3.1006402704447984,10178.801568918318,3.3623883366893277,11038.06978288915
3.273593762612183,3.283948262888447,10746.574391262115,10780.566210520232,3,17,3.0786079401387263,10106.473695083989,3.2315966398938936,10608.705970120289
3.273176530000394,3.2942272406252173,10745.2046973947,10814.310103906128,4,17,3.0603521611476068,10046.543507887529,3.290355540183969,10801.600061112256
3.2774093621116545,3.2867165510080447,10759.100265528077,10789.653964337911,0,18,3.132810798453116,10284.411182547252,3.3182112826261707,10893.045069285807
3.2778252875298683,3.2937163450399964,10760.465668132123,10812.632932634775,1,18,3.0867590134007985,10133.232090148129,3.3094801149528728,10864.382336604887
3.272446131952133,3.300866213193905,10742.806942043831,10836.104565212168,2,18,3.002023198998572,9855.060820555083,3.4679088701114815,11384.473260064027
3.2708909090069938,3.2899486736261148,10737.701446283842,10800.264396992523,3,18,3.0661337639160857,10065.523390169135,3.2901744938792628,10801.00572115352
3.2728493604250914,3.295005461345293,10744.130663035365,10816.864851827702,4,18,3.112283089023578,10217.022687680768,3.3658344883845204,11049.382831557234
3.2746760928704743,3.2733439074879502,10750.127471906839,10745.754165273698,0,19,3.135952995521037,10294.72640703481,3.135587828260985,10293.527633634692
3.274693608979734,3.291842977725475,10750.184973901547,10806.48303051876,1,19,3.1350560458516825,10291.781894964612,3.236981083243118,10626.382054938402
3.2710147751232714,3.3064013871462126,10738.108074756914,10854.275469411225,2,19,3.086040737237613,10130.87412859856,3.4698707049523034,11390.913583937148
3.274638399897756,3.2841698925110396,10750.003733176649,10781.293777652629,3,19,3.106404927552387,10197.725821876747,3.2165845051455735,10559.424038841269
3.2689585185417864,3.296742003560831,10731.357782593952,10822.565583639936,4,19,3.0111227030354053,9884.932730189155,3.3691897621466,11060.397545569418
3.273110926653279,3.2818100726479402,10744.989334310212,10773.546946021159,0,20,3.156811916593438,10363.202205585683,3.2286190176709124,10598.931012978748
3.273785630093852,3.2838543938551368,10747.2042550493,10780.258056661607,1,20,3.0665869713636025,10067.011182455717,3.1584856025621835,10368.696592511806
3.273741010932875,3.290379971185595,10747.057778984308,10801.68026335953,2,20,3.077933314069627,10104.259028340464,3.321225380547936,10902.939769082934
3.281672318867011,3.283813159091682,10773.094727034388,10780.1226909183,3,20,3.2043080574998286,10519.122838554234,3.1422925901107863,10315.538068410538
3.274327466234556,3.2943545134523173,10748.98299817266,10814.72791595112,4,20,3.1085619430069076,10204.806885907921,3.3105374370577256,10867.853320324708
3.271952275281729,3.275913052971967,10741.185706230233,10754.188172382734,0,21,3.0642597010472405,10059.371204682971,3.2119019867524234,10544.052237726191
3.2700246021795314,3.279834147880716,10734.857528729593,10767.06036764817,1,21,3.0945821745396964,10158.914013212065,3.071765697391945,10084.011937146532
3.276417671971684,3.2847711953422474,10755.844738839338,10783.267738405197,2,21,3.1164060293699,10230.557502430393,3.1942893111384763,10486.23323438003
3.2742930437240543,3.29134012056319,10748.869995736606,10804.832247833257,3,21,3.065904984746051,10064.772352456997,3.300144689856657,10833.73594381897
3.275861487495537,3.2928574797461514,10754.018892909266,10809.813444194335,4,21,3.0948206515994343,10159.696887218108,3.28955102679816,10798.958999460652
3.2779265448908816,3.3006380129147517,10760.798076439845,10835.35542788669,0,22,3.10309996491973,10186.876269559712,3.360846833505302,11033.009326448067
3.274133504592164,3.289407951390414,10748.346259661366,10798.48931060357,1,22,3.0601951638709064,10046.028116230642,3.363506178864462,11041.739442279995
3.271410844571558,3.2888614037912123,10739.408294056791,10796.69510067433,2,22,3.078451558688488,10105.96032506612,3.2765073522114876,10756.139141700036
3.273574664568388,3.2784671042355886,10746.511696082667,10762.572628089207,3,22,3.0507232369372512,10014.933614345991,3.1974182767124826,10496.505022435344
3.2725498674317977,3.2866174005525255,10743.147485535199,10789.328472592924,4,22,3.088776052848301,10139.853640054613,3.2949655341946644,10816.733778724083
3.274625441107309,3.287064344113089,10749.961191977081,10790.79570175164,0,23,3.110726625552409,10211.913119514054,3.2695843871495036,10733.412388033645
3.272992786326929,3.282722034353177,10744.60150249667,10776.540739698079,1,23,3.1006623059718645,10178.873907286496,3.2000948658770154,10505.291746341047
3.2726770569791532,3.281380724287591,10743.56502418891,10772.137478497434,2,23,3.1023992879951776,10184.576082902484,3.1456444089489155,10326.541440576439
3.2749031116737344,3.295002457761373,10750.87273067575,10816.85499164334,3,23,3.0930424430874934,10153.859373023462,3.332161998531387,10938.842568046664
3.276582630633354,3.2894135612325015,10756.386266181364,10798.507726628804,4,23,3.1285093803883606,10270.290460010217,3.329500688641585,10930.10600304107
3.2756164866032997,3.2784150320932093,10753.214602424472,10762.401685329543,0,24,3.1450511744493626,10324.593966594259,3.2641142047342315,10715.454838465068
3.271011257080597,3.288079315094637,10738.09652570408,10794.12765493494,1,24,3.0816401582641486,10116.427880000743,3.204484762915191,10519.702928213868
3.2757633157324637,3.2889541086060654,10753.696614022052,10796.999432629209,2,24,3.115672380349908,10228.149074768882,3.386235438349455,11116.355199648393
3.2724861204137703,3.291388161331103,10742.938216419623,10804.989956371222,3,24,3.083003210607069,10120.902516887481,3.197968169851826,10498.31021512501
3.2785123548203674,3.303550415081771,10762.721176996256,10844.916280214371,4,24,3.1294313719319935,10273.317179704312,3.4585504329516503,11353.751323129547
3.276483311862835,3.2979862507881426,10756.06022189082,10826.650206338736,0,25,3.1187285806145013,10238.1819884044,3.365751691457498,11049.111025279442
3.275473429711554,3.294694053377982,10752.744974351837,10815.842559775176,1,25,3.0795388563471984,10109.529712724488,3.2465340287628597,10657.742525151927
3.2772748047168627,3.308088823784104,10758.658539658016,10859.814997121339,2,25,3.111310837625006,10213.830974615728,3.4745470613559597,11406.265156433989
3.274688647701799,3.292845238420466,10750.168686986834,10809.77325829264,3,25,3.0765430537544716,10099.695072949704,3.307244126585457,10857.042019793782
3.276812308752636,3.2811070934968254,10757.140254969794,10771.239201599956,4,25,3.14660398484495,10329.691542421258,3.172704633916039,10415.374918931258
3.27793908300712,3.2843600711648313,10760.839236647449,10781.918097344931,0,26,3.1277804658228,10267.897574645778,3.2196310525043703,10569.425263856343
3.274465887763468,3.2981166797025603,10749.437409246751,10827.078379207214,1,26,3.073130546047985,10088.492470981382,3.3378594353623106,10957.546149854008
3.2740442097192757,3.284036660693848,10748.053121885618,10780.856403397127,2,26,3.1132708816367662,10220.265419543837,3.2377111073217075,10628.778582619258
3.2771020032314078,3.29579368764845,10758.091265844267,10819.452446140955,3,26,3.1380287545634857,10301.540722000456,3.2793013263342883,10765.311217692137
3.2741621038817366,3.2929313526133286,10748.440145590777,10810.055954511798,4,26,3.111504010056411,10214.465122300193,3.341206577221536,10968.534168403863
3.2732107244049415,3.2900512600783522,10745.316951003086,10800.601168449355,0,27,3.0856484248430727,10129.586242978574,3.3641567032479123,11043.874987856823
3.276984816147863,3.2961985959896176,10757.706563342277,10820.781681814515,1,27,3.139238569295407,10305.512309484746,3.4630986592859694,11368.682269421135
3.2748544041340244,3.299288410741297,10750.712833255106,10830.92494530169,2,27,3.146659441333665,10329.873595334562,3.397035913331237,11151.811067501729
3.2759761543300687,3.298753505749202,10754.3953219218,10829.168955796986,3,27,3.101054638567208,10180.161859221806,3.387397604656649,11120.17036658142
3.2765541645352565,3.2961660708765947,10756.292817493757,10820.674908166946,4,27,3.0921647427062497,10150.978052638506,3.3701251840112123,11063.468354406506
3.2746308024960658,3.3034289420386296,10749.978792378139,10844.517507736986,0,28,3.0892289875350265,10141.340536920336,3.3941300970824235,11142.271835468155
3.2739877141444356,3.2988913754805105,10747.867657853785,10829.621555426396,1,28,3.067561660241965,10070.210897294892,3.392281677545616,11136.20383207524
3.2760015225882544,3.291078258263043,10754.478601000861,10803.972604611508,2,28,3.118023201881898,10235.866366621844,3.407263500625035,11185.386256015108
3.2808128943957993,3.282701758707926,10770.273402922936,10776.474178681101,3,28,3.187336588910224,10463.408793699255,3.1668793324382976,10396.251582249397
3.2786353719624133,3.285580127858655,10763.125018451325,10785.923307206791,4,28,3.1079458679423513,10202.784430773914,3.071943011844404,10084.594026157014
3.272125786117718,3.2876558719690125,10741.755308704413,10792.73757315327,0,29,3.1104455462394722,10210.990390560686,3.140378907501456,10309.255818988722
3.271408720951684,3.2950852255545398,10739.40132262399,10817.126702280324,1,29,3.121382163455188,10246.893187004089,3.4697192350785375,11390.416337673716
3.272905170486664,3.286774827584771,10744.313876659891,10789.845275054042,2,29,3.1236301862179703,10254.273010404719,3.3774994691063203,11087.676704343527
3.2727112615963443,3.2882266865148275,10743.677311323425,10794.61144676895,3,29,3.1147715328064676,10225.191766732885,3.1620992525487703,10380.559505634492
3.273793678522622,3.285915867889393,10747.23067648237,10787.02547671165,4,29,3.0992055870487243,10174.091781155428,3.182706069793723,10448.207696139754
3.276091900770163,3.291954568392591,10754.77529507033,10806.849361069366,0,30,3.047564862169663,10004.565281603236,3.380340024539008,11097.00169775551
3.276528051446259,3.2909867789895806,10756.207093279392,10803.67229587169,1,30,3.105984794048185,10196.3466049413,3.36035940449113,11031.409191385164
3.2748152821890844,3.300783643812152,10750.584403485827,10835.833505921435,2,30,3.042640187874449,9988.398529555167,3.2850939598131665,10784.327311659888
3.2767404282883916,3.2883254008637635,10756.904285325329,10794.935506860476,3,30,3.1306725306531193,10277.391663435395,3.3108697745960263,10868.944320105787
3.2713456068149647,3.279085656768242,10739.194131135184,10764.603216271213,4,30,3.0239287008460565,9926.972341120196,3.2496031808109986,10667.817956984709
3.276414222500885,3.2893691377302616,10755.8334148947,10798.36189287356,0,31,3.1396857514003216,10306.980321738372,3.181645662094346,10444.726583010637
3.275919063052863,3.2804652571365334,10754.207902314462,10769.132177120719,1,31,3.115989757631439,10229.190962924044,3.1254809656884377,10260.348761002844
3.271949341717208,3.304430870453823,10741.176075905998,10847.806644700646,2,31,3.0926231629328242,10152.482957469281,3.4251455672416107,11244.089617855336
3.273930711917147,3.297337387932555,10747.680530580075,10824.520115236131,3,31,3.069045962091509,10075.083572831909,3.480584564140159,11426.085108912172
3.2738473875302345,3.2962945145498526,10747.406992753611,10821.096563873134,4,31,3.111588932516418,10214.743906291164,3.4569682421855896,11348.55729723579
3.273741436846064,3.2942438277371093,10747.059177174826,10814.364556182374,0,32,3.084107160226415,10124.526569707961,3.3823332075862336,11103.544931719676
3.2774640365633436,3.2914182767126494,10759.279751165266,10805.088819337001,1,32,3.08830926366149,10138.321261548033,3.4334653242531554,11271.401769003392
3.2762011676068252,3.2834182147046236,10755.13399693557,10778.826164976566,2,32,3.0500985039245134,10012.882736844713,3.215403670974749,10555.547588926976
3.27462941932403,3.2811975305015033,10749.974251692194,10771.536088773188,3,32,3.075483657497659,10096.21728019066,3.1817800095443416,10445.167619672591
3.274814282979542,3.2892470832702996,10750.581123274405,10797.961211717347,4,32,3.137976319972884,10301.368589393469,3.3287519557916925,10927.648058086983
3.275813736799383,3.284842085610963,10753.862136620715,10783.50045742949,0,33,3.073973709154639,10091.260412182004,3.268388727252453,10729.487268131154
3.28075787344567,3.281957969066749,10770.092779798477,10774.03246132397,1,33,3.176034219464967,10426.305303514187,3.206310213450164,10525.695528821709
3.2733622172398547,3.2838933990189787,10745.81427264352,10780.386103061153,2,33,3.1478363905614666,10333.737291733232,3.232258540449093,10610.878861465975
3.2743152991907447,3.2930864636313633,10748.94305612398,10810.56515394676,3,33,3.110152432890425,10210.028156197162,3.3179911057488973,10892.322271234969
3.275672218242582,3.2951119945749583,10753.397558603798,10817.21457979054,4,33,3.1055096914258624,10194.786935035832,3.3425653281084298,10972.994684443445
3.2750659123921095,3.2925673054878115,10751.40717390783,10808.860858296448,0,34,3.1228454581998872,10251.696900283925,3.3174324387604335,10890.488275697699
3.2776354503041865,3.2887435683000827,10759.842469282183,10796.308269575791,1,34,3.1088997432270165,10205.91581861553,3.2079629118292656,10531.121017555279
3.2751885297549945,3.288971731939066,10751.809702965322,10797.057286618687,2,34,3.1420624448903682,10314.782546219527,3.254432718859421,10683.672395157691
3.27305379472036,3.3001573392000356,10744.801781238037,10833.777469163739,3,34,3.1112981028502764,10213.789168816382,3.4906963216065,11459.280050532452
3.2730286115773732,3.2918189915753127,10744.719109856323,10806.404288632697,4,34,3.10212330409268,10183.670081194861,3.302765351345527,10842.339067995865
3.2743647148417403,3.28770671280794,10749.10527813686,10792.904473782142,0,35,3.0661618645599553,10065.61563914127,3.2943247568195355,10814.630230688066
3.2758364995942477,3.285899745350139,10753.936862468247,10786.97254953741,1,35,3.132721786861257,10284.118974728273,3.183503634477337,10450.825946547666
3.2745040745715617,3.2884450714757363,10749.562769142849,10795.328362305367,2,35,3.0729403209327164,10087.867998765048,3.262548942452915,10710.316385508533
3.2803715140674967,3.299133008879762,10768.82443677842,10830.414791083836,3,35,3.1308077366564886,10277.83551856182,3.501251471928546,11493.930565035
3.2791537321879396,3.290395324056091,10764.82669469128,10801.730663860286,4,35,3.1211017943412784,10245.9727894966,3.2310285200805344,10606.840942789426
3.2721798235064483,3.291496831308167,10741.932702987275,10805.34669886198,0,36,3.1016996691109218,10182.27936958666,3.215473758073675,10555.77767130039
3.2740675144913407,3.2847872442660915,10748.12962693934,10783.320423914303,1,36,3.106391855377734,10197.682908458786,3.2679845911000074,10728.160567403638
3.27586683380171,3.2895401476985664,10754.036443797126,10798.923285483424,2,36,3.113740310052987,10221.806462129482,3.223731950517789,10582.88771789554
3.2789174774043794,3.2947904639107546,10764.051115987586,10816.159056884362,3,36,3.183640459549304,10451.275116762761,3.3710159806960696,11066.392667420123
3.27513269408798,3.296894317465986,10751.626405283092,10823.065600694974,4,36,3.070474477647834,10079.773112771303,3.242264564316856,10643.726700157433
3.275228560499755,3.295090902266767,10751.941116148424,10817.14533782727,0,37,3.124027155164744,10255.576182583945,3.400743732510165,11163.98311984701
3.2729842080070504,3.2827792572303567,10744.573341533702,10776.728591322651,1,37,3.0826702461764808,10119.809459140419,3.1830819572058355,10449.441661723127
3.2720404067784714,3.291506530542407,10741.47502486737,10805.378539569734,2,37,3.0751371271202763,10095.079688067315,3.245344055222107,10653.836072455999
3.276169967563361,3.2917623845086976,10755.031573234764,10806.218458594954,3,37,3.0970352323205943,10166.966926872146,3.3875835048010194,11120.780640755826
3.27361960541162,3.293338266778683,10746.659228168202,10811.391774917733,4,37,3.0521943766936785,10019.763081280145,3.2644664582607357,10716.61121857869
3.2780275022945453,3.2963364815876894,10761.129500045665,10821.23433353144,0,38,3.1099876381720897,10209.487167049361,3.386242453123202,11116.378227792195
3.2781714275327656,3.2979779423967903,10761.601978731625,10826.62293149885,1,38,3.1072699619191346,10200.565562188884,3.378169973952845,11089.877841911408
3.2747319289688184,3.2989731848708383,10750.310771005048,10829.890119812457,2,38,3.0939549386732206,10156.854919326644,3.4874955455831214,11448.772522677942
3.27424542549214,3.290805517070719,10748.713674302498,10803.07724809344,3,38,3.1226678066119478,10251.113704522948,3.2288607620274643,10599.724612887518
3.271857219740653,3.289027071227843,10740.87365729639,10797.23895478729,4,38,3.0958758132902755,10163.160778717087,3.1677647673468425,10399.158293589688
3.2754614813253617,3.2999258365730704,10752.70575011377,10833.01749086989,0,39,3.128994655285326,10271.883523523476,3.4771961392233255,11414.961566078653
3.2770979294579083,3.2808733878156744,10758.077892434761,10770.471991105838,1,39,3.103331404746988,10187.636041694277,3.223339194126779,10581.598374721125
3.281056808999488,3.2950955058726823,10771.074127332793,10817.160450574002,2,39,3.1724982119404364,10414.697275558967,3.427888269712466,11253.093378942853
3.274295739744725,3.284435694437258,10748.878846250385,10782.166353903862,3,39,3.015845588898618,9900.437049891289,3.297630904269363,10825.483672530432
3.276418045384103,3.277152590239478,10755.845964680002,10758.25733319559,4,39,3.1510319663933726,10344.227748366156,3.101172868238221,10180.549984336565
3.275541555266431,3.2896166090828443,10752.96861735599,10799.174293401264,0,40,3.1390416932290903,10304.866003484074,3.3540775931128417,11010.787221102943
3.27270267360098,3.2796496067175194,10743.649118597714,10766.454554745791,1,40,3.0514365151829512,10017.2751687003,3.092226777368106,10151.181700420371
3.2760813840835468,3.298309813434748,10754.740770824732,10827.712399849644,2,40,3.1117853408372027,10215.38867677383,3.3853098960515853,11113.316823515743
3.274545683048177,3.285920017756652,10749.699361714096,10787.039099922244,3,40,3.1262436865395555,10262.852625856178,3.26073383228638,10704.357730327858
3.2745416082379455,3.2883164802648834,10749.685984901194,10794.906222261825,4,40,3.037501645475584,9971.529689938368,3.2907311993223636,10802.833277317219
3.2697759229560095,3.298736199945021,10734.041162995496,10829.112144193128,0,41,3.106823271546095,10199.099164195783,3.3785083491294885,11090.98866208998
3.2733704499291565,3.281263575914844,10745.841298968231,10771.75290307549,1,41,3.0741754778483203,10091.922779730852,3.139752807738141,10307.200454709973
3.271571378502615,3.270137660897339,10739.935295865062,10735.228678606336,2,41,3.109721245673072,10208.612652061993,3.0628627343376396,10054.785233497936
3.2759586168374346,3.294501559929561,10754.337749729626,10815.210641060361,3,41,3.1072155818199465,10200.387042853958,3.3095691640085385,10864.674667410287
3.2756028661640486,3.2880599322079416,10753.16988916001,10794.064024671416,4,41,3.1269488897015787,10265.167671274516,3.2837209010865593,10779.81982575324
3.2753549517867424,3.2785710509893344,10752.356034267927,10762.913865152466,0,42,3.1639602785736924,10386.668893686643,3.155751135944964,10359.719868136901
3.2752143777142697,3.292909393241443,10751.894556810164,10809.983866146327,1,42,3.086325405188529,10131.808638355473,3.409838473691875,11193.83939395004
3.275138793925091,3.2853782699086236,10751.646429867094,10785.26064664663,2,42,3.0868190585249886,10133.429206663106,3.1753742711518607,10424.138821001241
3.2744699593961224,3.2905345875181524,10749.45077562829,10802.187838837865,3,42,3.0753694659287465,10095.842411383113,3.2941962805582636,10814.208468001738
3.2743236620394436,3.2965476701336085,10748.970509736788,10821.927624631031,4,42,3.024906636149667,9930.182713344793,3.338966328783284,10961.179866605167
3.2771064511036405,3.2918767621055243,10758.105867347485,10806.593938096114,0,43,3.120978584966538,10245.568316978817,3.3174114536712302,10890.419385713607
3.271396329900102,3.286119989226175,10739.360645201172,10787.695567532213,1,43,3.1164458082530615,10230.688088800634,3.254792307866607,10684.852856233876
3.272280284437372,3.2850886022207186,10742.26249676925,10784.30972372138,2,43,3.11451537762551,10224.350858878248,3.1627553624432494,10382.713387362393
3.273960547670611,3.280185935722166,10747.778475581013,10768.215219007945,3,43,3.104591398794555,10191.772358154605,3.320477501038173,10900.484625479241
3.2712177501781334,3.2954739656528083,10738.774402555906,10818.402860743425,4,43,2.9878491633482858,9808.53020631703,3.4121384292161796,11201.38970254997
3.2657684102812445,3.288073153270869,10720.885274939026,10794.107426860746,0,44,3.0219153433298125,9920.362878281026,3.28913745953523,10797.60133822375
3.278819174070838,3.288458305467873,10763.728405180012,10795.371806938794,1,44,3.1555033508060304,10358.906437509373,3.34331656466792,10975.460848591296
3.27386945492688,3.29440657160144,10747.479435743453,10814.898812773627,2,44,3.068008644711677,10071.67826075042,3.3881307054376792,11122.576994480583
3.278532074110049,3.292541669077452,10762.785911605644,10808.776698925723,3,44,3.1548541295559107,10356.775169866916,3.3677061962923167,11055.527286162316
3.276579883741052,3.280476320913405,10756.377248665869,10769.16849735769,4,44,3.1078363932582858,10202.425046585897,3.217566691532191,10562.648366548156
3.275765879954129,3.290193761106058,10753.705031865224,10801.068971727993,0,45,3.1050007159947484,10193.116067258572,3.333426342953638,10942.993165944628
3.2768438210141877,3.30024548423676,10757.243703622124,10834.066832250019,1,45,3.1153524549513985,10227.098821639127,3.3152941097926645,10883.468555783887
3.2705505326019004,3.287445390031542,10736.584056459811,10792.046601712384,2,45,3.0465221446884945,10001.14224203479,3.3261447571567166,10919.089129852338
3.27639441761117,3.2921855934513182,10755.768399276982,10807.60777159917,3,45,3.1101063156363415,10209.876762182612,3.4077170635094918,11186.875215132333
3.274982678237352,3.2990815214129947,10751.13393229605,10830.245767700986,4,45,3.126393107632733,10263.343146369685,3.4535452288080233,11337.32020718374
3.274602513107189,3.277706041790449,10749.885923792692,10760.074207461545,0,46,3.1309933228912037,10278.444762231615,3.1610544872542015,10377.12974349121
3.2764827623868626,3.2818581211478315,10756.05841806761,10773.704679941713,1,46,3.129746325646639,10274.351111758711,3.205153209226084,10521.89730800791
3.281239439067479,3.29622571570008,10771.673666479699,10820.87071057223,2,46,3.1629523472398047,10383.360050303381,3.4008218507704835,11164.239566968034
3.27547433222287,3.2923048044472134,10752.747937121716,10807.999118213485,3,46,3.0651471386780713,10062.284490572702,3.2778867073116276,10760.6672973817
3.2779184516980373,3.2883917679865493,10760.77150805498,10795.15337727259,4,46,3.1083888344567425,10204.238604060198,3.2629986433728564,10711.792666544121
3.2779468847541096,3.2932843978643374,10760.864848272005,10811.214933703652,0,47,3.1417175721421553,10313.650395771749,3.308115514853776,10859.902618734346
3.2786441095855916,3.3027073101556,10763.153702376178,10842.148530009013,1,47,3.151344532068195,10345.253840948259,3.4385535256418716,11288.105348832407
3.2736880887893984,3.295654522445132,10746.88404583564,10818.9955937278,2,47,3.0775975600898575,10103.156813043634,3.3028213429704905,10842.52287765784
3.277689409245083,3.2874199356872507,10760.019606036001,10791.963040029306,3,47,3.1035517284127923,10188.359321623439,3.2405742376076585,10638.177684902887
3.2760184070714247,3.2859839457906053,10754.534029489432,10787.248963278045,4,47,3.1020000821635847,10183.26556746357,3.2338507354498542,10616.105729324932
3.276083337210192,3.2837932159062477,10754.747182561281,10780.057221302519,0,48,3.1180926870021386,10236.094472815801,3.1659829064327614,10393.308789266108
3.268885792617736,3.275746035872139,10731.11903746867,10753.639887586856,1,48,3.042198982146945,9986.950136591257,3.1310082641875034,10278.493811613986
3.275613721608195,3.2944720732985404,10753.205525480982,10815.113842160803,2,48,3.076301779850849,10098.903017446797,3.3388207437138506,10960.701939014763
3.271339777153947,3.287299935019407,10739.174993486986,10791.569101074901,3,48,3.0929932307093866,10153.697818316115,3.2298504631879164,10602.973610141667
3.2777906916238195,3.2947419465841157,10760.352096472063,10815.99978389639,4,48,3.1413107081187133,10312.314739971998,3.344300970014182,10978.692460712993
3.2704573012311617,3.2877711021443465,10736.27799592393,10793.115851504574,0,49,3.0695287275668663,10076.668398399977,3.272532920891439,10743.091853324897
3.26984154477925,3.294098004732802,10734.256586733536,10813.885847497855,1,49,3.0675053319085146,10070.025982284153,3.3454092703703417,10982.330796159913
3.278354280963178,3.2908985372399018,10762.20225113411,10803.382615295512,2,49,3.1361434698641855,10295.351697418013,3.31682064463482,10888.479874057231
3.2724058832001957,3.278215535435519,10742.674813185396,10761.746776434868,3,49,2.973099097751498,9760.108597312805,3.0804734059180574,10112.597657990105
3.274417659075685,3.28445933686612,10749.279083804255,10782.24396741946,4,49,3.083684366266894,10123.138619012898,3.2322459415930727,10610.837501861426
3.276304698795977,3.2943733654424534,10755.473869780752,10814.789803384047,0,50,3.13929661080789,10305.702848530489,3.350655554033884,10999.553329484548
3.2778482914482994,3.2819045187556,10760.541185541624,10773.856994303122,1,50,3.1142903502298793,10223.612137514949,3.1862746144080583,10459.922537059994
3.2754037649527645,3.2945183043117194,10752.51627843931,10815.265609624435,2,50,3.158241129676925,10367.894035371675,3.344908568793093,10980.687089842662
3.2777431674813937,3.2961590171506256,10760.196083915525,10820.651752150541,3,50,3.1262111091605522,10262.745680629518,3.39604403653138,11148.55492804473
3.2737933480427244,3.2859465089749307,10747.229591580865,10787.126065461824,4,50,3.124911417228285,10258.47904370121,3.183189247459111,10449.793874847875
3.273366592099455,3.2884024773213842,10745.828634460388,10795.188533944991,0,51,3.120627551771603,10244.41594297742,3.2971259621502016,10823.826045335265
3.2779688381533667,3.282854064108043,10760.936917030493,10776.974167815744,1,51,3.194960592079323,10488.436919715285,3.163297956394572,10384.494618231274
3.2715233949950586,3.293968626815836,10739.777775301764,10813.461124850492,2,51,3.1004761790187785,10178.262888542997,3.334333960901312,10945.972699906639
3.2743685962754974,3.292156544820615,10749.11802013225,10807.512410569836,3,51,3.0831641592936694,10121.430880257878,3.323163131847774,10909.30103135479
3.274488398164745,3.2935010770009203,10749.511306535007,10811.926249349139,4,51,3.112601294180117,10218.06729358926,3.2257254314642094,10589.431929805078
3.27721349425563,3.3015211408158236,10758.457269286557,10838.254565768204,0,52,3.0973827063178407,10168.107616716768,3.4618346198083056,11364.532672597197
3.271210156215026,3.2800903992731056,10738.749473045598,10767.90159134631,1,52,3.069982825391749,10078.159113623029,3.249228826038257,10666.589022759594
3.271542070786844,3.2858493925250096,10739.83908430962,10786.807250963335,2,52,3.060092775962351,10045.691996554271,3.3121819437946876,10873.251917483442
3.2784055091671864,3.277812710232684,10762.370423407527,10760.42437930106,3,52,3.180938518762554,10442.405168390664,3.0807658624179197,10113.557736044953
3.271642533413717,3.2946044457402195,10740.168883659067,10815.548395252916,4,52,3.062355086976488,10053.118725517184,3.3107173047122305,10868.443791003077
3.2747035774298037,3.3031732723928333,10750.217698392737,10843.67819380026,0,53,3.0815829150302667,10116.23996154906,3.3802076627102564,11096.567179503585
3.2732325921413046,3.2762599336036424,10745.388738546873,10755.326914323092,1,53,3.0971835798497533,10167.453923082878,3.0899351331017764,10143.658676070894
3.2773054120190928,3.293683284591435,10758.759017504133,10812.524401584304,2,53,3.1224337032127187,10250.3451883974,3.347766880084747,10990.07037230121
3.2721269234217014,3.287768073512051,10741.759042253154,10793.105909091239,3,53,3.103107352318019,10186.900520957723,3.3147060671687534,10881.538125724037
3.2785545756945935,3.277389140824884,10762.859779950279,10759.033882959464,4,53,3.1832088007217023,10449.858064422473,3.2258776271155667,10589.931558655799
3.276067671891294,3.302145675565934,10754.695756352934,10840.304792411667,0,54,3.0402290792570947,9980.483326875545,3.49188282879689,11463.175123871402
3.2726791018719137,3.291641262487015,10743.57173717585,10805.820838453048,1,54,3.0556926476326143,10031.247227332546,3.3510689612666393,11000.910465373383
3.276262329940476,3.301774883293588,10755.334781032867,10839.087553185473,2,54,3.2018045929038146,10510.90444908141,3.391216086540956,11132.705703158626
3.2735378226310914,3.2828098937533223,10746.390751136958,10776.829165094781,3,54,3.086955189698652,10133.876098944442,3.181139449537309,10443.064785213941
3.2744050653275534,3.2841529262958336,10749.237740967912,10781.238080853616,4,54,3.1204179414972835,10243.727833037858,3.190185842673975,10472.762342047694
3.2747253421862963,3.2940492545919993,10750.289147873553,10813.725810226068,0,55,3.135969856784831,10294.78175929866,3.3565566982404316,11018.925643158143
3.2779593394221167,3.288589883053159,10760.905734535221,10795.803750671288,1,55,3.106480879549737,10197.975157575946,3.1402876467416685,10308.956227586987
3.2783348293872003,3.2758703709039088,10762.138395376965,10754.048055418682,2,55,3.1680290942824434,10400.026027732358,3.1341276871617696,10288.734273162276
3.275296202789413,3.2886626469006655,10752.163172686447,10796.042620291937,3,55,3.1322583896308087,10282.59773135758,3.3201604505101314,10899.44380999251
3.2746744014280553,3.280510387268914,10750.12191922893,10769.28033060588,4,55,3.0563074120438762,10033.265379845596,3.0767938688241423,10100.518450253096
3.27123295564881,3.290986069667172,10738.8243191716,10803.669967303584,0,56,3.0606108337385334,10047.392679911596,3.2871304897283147,10791.012844997322
3.273643493881951,3.2918261207492856,10746.737649390298,10806.427692330282,1,56,3.1099463076956204,10209.351487098758,3.380014234737852,11095.932192927507
3.27328143117507,3.296732962184296,10745.549067637043,10822.535902551635,2,56,3.0456635281693014,9998.323570273353,3.3425925473924667,10973.084040081923
3.273282559314408,3.2901602764129954,10745.552771100027,10800.959047964978,3,56,3.0293186643669614,9944.666547592957,3.3410618155554883,10968.058943887323
3.2728416252265777,3.291202733354981,10744.10526987656,10804.38123223374,4,56,3.0709438106105345,10081.313842001526,3.3232743354320533,10909.666091187402
3.2726352344350946,3.2962482061387113,10743.4277288757,10820.944542326986,0,57,3.0807301701863303,10113.440565360446,3.389729263435408,11127.82475082639
3.2791016370519293,3.2887983572618316,10764.655676447974,10796.488131127331,1,57,3.1221743857627904,10249.493899426105,3.1993537923126922,10502.858945338261
3.277947701006678,3.284944205179518,10760.86752787112,10783.835696197604,2,57,3.10788857930981,10202.596363287223,3.199588067644396,10503.628025884831
3.27588066099529,3.283937037983484,10754.081835796005,10780.52936133094,3,57,3.1141026536521035,10222.995965997547,3.2521991633768415,10676.340065036376
3.2743570121945855,3.2921762444052094,10749.079991837867,10807.577080491235,4,57,3.1382729718683464,10302.342440119635,3.3764091873653483,11084.097520520958
3.274674130409756,3.2891641864021244,10750.121029528334,10797.689077352105,0,58,3.12440915576741,10256.830216588085,3.302716861283207,10842.17988451137
3.2701711959880617,3.2861306684719356,10735.338767815107,10787.73062542801,1,58,2.9929861313932156,9825.393877634731,3.292944011136325,10810.097509991472
3.27211659079417,3.291672181975306,10741.725122237878,10805.922341145546,2,58,3.0360111995655803,9966.636844640658,3.3278261244774328,10924.608733169489
3.2768451796558007,3.288505393282775,10757.248163779437,10795.52638711656,3,58,3.1038635684934097,10189.383032220276,3.283955610813557,10780.590332335443
3.2754261278614547,3.306508351241492,10752.589691537962,10854.626611822432,4,58,3.1146080858075162,10224.655201886837,3.384336748734699,11110.122169324371
3.2745187324962557,3.292568190877571,10749.610888271114,10808.863764859572,0,59,3.1155510364270285,10227.75072616832,3.3604420491666076,11031.680497850615
3.273884955130287,3.284993648319232,10747.530319909622,10783.99800845062,1,59,3.1172659962056803,10233.380607019692,3.195000212234895,10488.566985013584
3.275398966727239,3.288867636857013,10752.500526794083,10796.715562622321,2,59,3.1068477887251875,10199.179649346992,3.2845529227665664,10782.551191807719
3.273971021046587,3.2880153660732097,10747.81285764617,10793.917722681323,3,59,3.1049759770277174,10193.03485402051,3.292189513548852,10807.620640520245
3.2769303841392556,3.282363012941893,10757.527873598769,10775.362141929329,4,59,3.0998759020674242,10176.292295555324,3.1415957644574273,10313.250524730842
3.2719206294458507,3.2885804601299315,10741.081819079254,10795.772817039082,0,60,3.1039235627161617,10189.57998163569,3.3135976562431355,10877.899427298997
3.275082682904598,3.2907929239500087,10751.462228252714,10803.035907316806,1,60,3.057175564781788,10036.115357166394,3.3265174201716095,10920.312510364049
3.2767030256864516,3.2846354313506487,10756.781499826175,10782.822051511472,2,60,3.1465810691771003,10329.616314721328,3.1439014807383616,10320.819744779219
3.273358978301173,3.2941350849093505,10745.803639835049,10814.007574536892,3,60,3.090530700752113,10145.613809335282,3.243958141917031,10649.28638745753
3.273681082190322,3.289223102204936,10746.861044527705,10797.88248652369,4,60,3.0852233147432364,10128.190688843377,3.2775408697340893,10759.531979586083
3.271228351640137,3.29323260119223,10738.809205102694,10811.044895259543,0,61,3.076735999098975,10100.328475151844,3.289898484592698,10800.099636114921
3.275170161893781,3.2998280082119598,10751.749404833898,10832.69633930483,1,61,3.177555213882853,10431.298433647557,3.36431859591023,11044.406450116698
3.276006534842075,3.2779887479439496,10754.495055259538,10761.002277017444,2,61,3.1194590069536297,10240.579836628707,3.1610526218604176,10377.12361976465
3.2745262766718604,3.2894365239646945,10749.6356543387,10798.583108831857,3,61,3.07356388579564,10089.915041456698,3.258044747027965,10695.529984165809
3.270947698165123,3.291927277956077,10737.887874092767,10806.759771851086,4,61,2.9963134270813723,9836.31674504818,3.3417952423867043,10970.46664214611
3.2752191108399376,3.2896917327476864,10751.910094745166,10799.420909845245,0,62,3.1373988473184053,10299.472858496389,3.273252842981924,10745.455218135055
3.2768329339180933,3.2827870810916555,10757.20796339393,10776.754275544206,1,62,3.107044252682755,10199.824602474442,3.2367558031267656,10625.64250394191
3.2754378561535296,3.277668168883548,10752.628193249662,10759.949878042276,2,62,3.10281388714756,10185.937131632632,3.165116041595022,10390.463039872175
3.2683561713336506,3.282558862496332,10729.380393354175,10776.005078090287,3,62,3.046201940421335,10000.091073433256,3.0941393871990406,10157.460428118458
3.272583583892152,3.278601439071262,10743.258170145353,10763.013623340783,4,62,3.0559400840899165,10032.059513305801,3.056337703237577,10033.364819968627
3.2725714055374246,3.284536461833198,10743.218190965114,10782.497153751128,0,63,3.097134568645655,10167.29302879084,3.183883852545352,10452.074128835737
3.276077553700752,3.2885276708239553,10754.728196419772,10795.599519970208,1,63,3.163096424210334,10383.833027097126,3.287225155014213,10791.323612798997
3.2707849795477677,3.282724633548689,10737.353700382448,10776.549272353615,2,63,3.068239327363124,10072.435547223424,3.2475845792434885,10661.191278940743
3.2751565278158004,3.2829204028843213,10751.704646796126,10777.191945171762,3,63,3.0830393355275145,10121.021108005712,3.1830925363845344,10449.476391118138
3.27164507213203,3.296591267104322,10740.17721777966,10822.070745043327,4,63,3.0154165891174793,9899.028726685616,3.306405181432723,10854.287925319075
3.274548188719102,3.2869134837853213,10749.707587346518,10790.300456509676,0,64,3.0356517284368296,9965.456770536552,3.2954233003701465,10818.236536431774
3.277541926045173,3.2910112750496383,10759.53544725081,10803.7527116932,1,64,3.1042997546931783,10190.814947046665,3.275336331777473,10752.294908383261
3.2729424258288775,3.2899284351936617,10744.436178733878,10800.197958137955,2,64,3.0909902695351716,10147.122484654576,3.2852370923202803,10784.797187963131
3.2767451593538035,3.3011142321679143,10756.919816496902,10836.918763474969,3,64,3.1399512954958264,10307.852051581302,3.4963316187955122,11477.779639928749
3.269459943101719,3.290968176342862,10733.003862323356,10803.61122698492,4,64,3.053424803031441,10023.802332674975,3.268818018392494,10730.896547811688
3.276953998041264,3.3044489097259357,10757.605393466234,10847.865864137688,0,65,3.0956784224771807,10162.512782902428,3.5747582098122983,11735.238950928426
3.2764911251296995,3.279386660932004,10756.085871332903,10765.591354651393,1,65,3.1099039269460262,10209.212359304873,3.124891810716848,10258.414679320966
3.272560127274167,3.29900012938909,10743.181166610879,10829.978573448067,2,65,3.0978350929415646,10169.59271439779,3.435717274593306,11278.79448587995
3.274336635433619,3.277214719276208,10749.013098877573,10758.461290791896,3,65,3.0816075459017926,10116.32081993051,3.1338713216793157,10287.892674928557
3.2731067713315176,3.2869970331504206,10744.975693193546,10790.574732895964,4,65,3.157342003919414,10364.942379625458,3.2025807932567565,10513.452564528927
3.272227408242405,3.2865194771220376,10742.088914460639,10789.007008933502,0,66,3.034364098968733,9961.22973234222,3.250548672947468,10670.9218245742
3.2700574355165175,3.280974365742683,10734.965314216746,10770.803482085837,1,66,3.0936146292881257,10155.737749516287,3.1356072115514046,10293.59126522357
3.27722349902246,3.2938354869459316,10758.49011299864,10813.02405244013,2,66,3.1089262385945067,10206.002797776175,3.448308563239165,11320.129248201403
3.2766343420249306,3.2944167703601677,10756.556024665997,10814.932293323543,3,66,3.1465546950522807,10329.529733576894,3.347549174128443,10989.355685805422
3.2808587496111525,3.3023624161542773,10770.423936715082,10841.016309791386,4,66,3.176385368568291,10427.45805802038,3.4216261498546503,11232.536052109082
3.2752668449051088,3.284172133352864,10752.066796437426,10781.301133902398,0,67,3.100144627755558,10177.17446995074,3.233940602053824,10616.400743983097
3.269649904403864,3.2896430144499207,10733.627468492301,10799.260977107973,1,67,3.0279891986317775,9940.302169035373,3.3594126131001234,11028.301058594629
3.2792941193919503,3.3047887967041376,10765.287558696064,10848.981647268014,2,67,3.1865191042567607,10460.725149887829,3.528618799999133,11583.772203407976
3.276275594342487,3.298303594687669,10755.378325496022,10827.691984907238,3,67,3.1171091932861072,10232.865853399619,3.3275766806010063,10923.789857227985
3.2726831399252037,3.2967902898068133,10743.584993322831,10822.724098034865,4,67,3.080401194839923,10112.360603004261,3.41343246985225,11205.637787367235
3.2769604674802917,3.282876740827024,10757.62663138176,10777.048611092814,0,68,3.114535037074119,10224.41539704098,3.280989316624442,10770.852562935412
3.2769432043536986,3.2872073529942023,10757.569959880153,10791.265172214666,1,68,3.17264013971491,10415.163196958254,3.3247622927023137,10914.55076676276
3.271074285728069,3.2932855364707567,10738.303436548234,10811.218671528033,2,68,3.0467156606384873,10001.77751742425,3.283008236988952,10777.480287528193
3.2719840103956233,3.291089009824107,10741.28988646364,10804.007899904444,3,68,3.0530419375102515,10022.545459310813,3.290010296348442,10800.466692456686
3.2747919542263126,3.292243516235204,10750.507822301504,10807.797920881923,4,68,3.1078959173967804,10202.620452805728,3.3040338646310237,10846.503351464567
3.2770532907796324,3.2833662517521054,10757.931352298263,10778.655580666073,0,69,3.1424032544296123,10315.901357939103,3.3353395100616092,10949.27372307531
3.275961768736099,3.2965274014973356,10754.348096802567,10821.861086623168,1,69,3.1582375499098494,10367.882283689585,3.3369288308613436,10954.491155488882
3.2768211051640996,3.2853084474409693,10757.169131885206,10785.03143300644,2,69,3.143352445058508,10319.017366963011,3.3082581192405995,10860.37076132095
3.277492159775667,3.2958099937116434,10759.372074225268,10819.505975788752,3,69,3.153515789170855,10352.381657552376,3.305203686187394,10850.343649098202
3.273722477205207,3.291170937967828,10746.996936345427,10804.276854134894,4,69,3.0727249503320837,10087.160978789687,3.367522806617045,11054.925253371803
3.275740658750515,3.2923515377675048,10753.622235537845,10808.152534654097,0,70,3.1101518344552876,10210.026191650493,3.312529754922693,10874.393714063062
3.275931759552485,3.282901093509894,10754.249582464043,10777.12855623478,1,70,3.1145515754146547,10224.469689210307,3.1778266475713766,10432.189497883846
3.272013121671166,3.3029486009742643,10741.385453143852,10842.94064104072,2,70,3.0437533026880152,9992.052669933433,3.372391837956867,11070.909340372578
3.278602388358527,3.2830977442020415,10763.016739667044,10777.774122375693,3,70,3.1159507357536733,10229.062861655926,3.191246615088083,10476.244652464644
3.2766982639175484,3.281042326479212,10756.765867860984,10771.026584023264,4,70,3.104916653458746,10192.840106231584,3.228652067871149,10599.039510385957
3.2740255260428626,3.2917125287709488,10747.991786994047,10806.054791862485,0,71,3.1884346826014864,10467.01362264184,3.332733005431522,10940.717073124324
3.279117919150539,3.2817272471840933,10764.709127424692,10773.275046062505,1,71,3.2447704007073734,10651.952875772318,3.3489243196874092,10993.870022378587
3.2734794523274573,3.287530402814274,10746.199132733544,10792.325682215367,2,71,3.066273077137211,10065.980728496086,3.3130111736412764,10875.974118489441
3.2748391752998796,3.2862671596535216,10750.662839941671,10788.178699545637,3,71,3.089424720453445,10141.983090187827,3.330071123261065,10931.978629432164
3.2750558817909723,3.2726604550277894,10751.374245386718,10743.51052319755,4,71,3.0767453387663384,10100.359135471172,3.2485741520605576,10664.439854868417
3.2737004493160096,3.2892748208135942,10746.924623050903,10798.052268700607,0,72,3.086672701356823,10132.948744422081,3.342540781161252,10972.914101569377
3.2745371198527935,3.2796632430841153,10749.671250401918,10766.499320296643,1,72,3.115501567790744,10227.588330214998,3.26050766795854,10703.61527663628
3.2708721551967272,3.296447945718509,10737.63988115641,10821.60024868789,2,72,3.1017836626360276,10182.555104064237,3.317875545515591,10891.942909367259
3.2727610280553874,3.2783363778115544,10743.840684971196,10762.14347855427,3,72,3.0379148771710556,9972.88624957229,3.1892399535892175,10469.657171353845
3.272787546191937,3.2960138443604836,10743.927738878243,10820.17517799322,4,72,3.083909143553282,10123.876519315996,3.403747438971154,11173.843706490716
3.2795579917006688,3.2884030984369454,10766.153800386719,10795.190572947102,0,73,3.115944493146131,10229.042368384244,3.2506249398736498,10671.172194123761
3.2717072849409026,3.2881300497772386,10740.381450383682,10794.29420707315,1,73,3.0880423741511165,10137.445114968627,3.3587933682895033,11026.268197798116
3.27665042842561,3.2785729099654666,10756.60883320429,10762.919967811114,2,73,3.1530739059480806,10350.93104050269,3.1494509963784045,10339.03772996184
3.2728284285219003,3.2986932299655303,10744.061947650649,10828.971082071595,3,73,2.9933136545929333,9826.469072874543,3.4784757886392086,11419.162407306905
3.2719545593578725,3.2932873260627247,10741.193204409905,10811.22454641191,4,73,3.062072103407899,10052.189745261268,3.404483938516553,11176.261491875131
3.2770117362416125,3.2914708052411688,10757.794936796972,10805.26126032398,0,74,3.1773640664004494,10430.670933478534,3.4205926654172116,11229.14332283522
3.274152376377126,3.293112225017219,10748.408212076873,10810.649723587832,1,74,3.1368717772385435,10297.742589491318,3.2627839008143713,10711.087708309507
3.2730622636576823,3.2869316506172868,10744.82958311925,10790.360094701016,2,74,3.0781837128146003,10105.081038930497,3.281430345535623,10772.300375445575
3.273176338899066,3.2983409139731656,10745.204070046047,10827.814496894647,3,74,3.0804886513054504,10112.647705644647,3.391147059845744,11132.479101885263
3.2750835478016054,3.287972594448732,10751.465067542102,10793.777311720887,4,74,3.098886217369302,10173.043352343817,3.307249182768477,10857.058618263507
3.2774849922856326,3.2904201905216217,10759.348544743465,10801.812295651234,0,75,3.1483940535498633,10335.567991332708,3.2202964249115236,10571.609552619668
3.27318359549376,3.289971598962316,10745.22789204119,10800.339656431785,1,75,3.137732251306208,10300.567359224664,3.2686905794586685,10730.478190470481
3.278501404668139,3.2871299697561316,10762.685229766981,10791.01113802934,2,75,3.076479298349384,10099.485776301031,3.3181491491802197,10892.841097214892
3.2746093586459613,3.2875767220284686,10749.908396370845,10792.477739225851,3,75,3.1044857904330394,10191.42566635481,3.24971988346494,10668.20106919813
3.2777220304199934,3.2883580704991595,10760.126695036144,10795.042754947006,4,75,3.1305673867848416,10277.046496476953,3.1549030426423204,10356.935742057582
3.273412300873326,3.2893174071679634,10745.978687513505,10798.192071455152,0,76,3.0737904649029937,10090.6588567891,3.273399671847801,10745.93722886832
3.2735478037665273,3.289367180042852,10746.423517271753,10798.355466164901,1,76,3.0624090878926653,10053.296000067712,3.3370374973514796,10954.847886532736
3.2714344174114274,3.2863143220505866,10739.485679125206,10788.333524562204,2,76,3.06641515556326,10066.44714445532,3.208027089795963,10531.331701391884
3.2736341618946345,3.2870116222220136,10746.707014283082,10790.622625992833,3,76,3.0857808096074737,10130.020836523796,3.3275931032661186,10923.843769657298
3.277787333304297,3.284378339868124,10760.341071759409,10781.978069960107,4,76,3.1408335446539506,10310.748304719882,3.3508564669350287,11000.21288763223
3.270466029601114,3.295886431104627,10736.306649472237,10819.756904947815,0,77,3.119641195201116,10241.177925364449,3.3548772030247975,11013.412185599442
3.272349738127969,3.2863914985607448,10742.49049978577,10788.586880099823,1,77,3.110952504751212,10212.654637182219,3.211654093638173,10543.238452636608
3.2760454278309115,3.2811439380867804,10754.622733410257,10771.360155253826,2,77,3.1456169278424326,10326.451225425573,3.1935425716445596,10483.781833227597
3.2793612100645575,3.299844621637714,10765.50780438213,10832.750877964389,3,77,3.1503314808842346,10341.928190088665,3.3250248393815642,10915.412656668579
3.2727811477438755,3.2786575652978507,10743.906734012322,10763.197874873826,4,77,3.0019665137821168,9854.87473396655,3.1205805906684314,10244.261778769725
3.278385481304974,3.2901127904650433,10762.304675814286,10800.8031607935,0,78,3.1837374219856986,10451.593425664672,3.2563359370393243,10689.920291884138
3.273758735222551,3.298504574066635,10747.115964395009,10828.351761288732,1,78,3.124189560875483,10256.109329082437,3.3647505190548586,11045.824370158603
3.2709712539058633,3.2870276689311675,10737.965203028043,10790.675304231536,2,78,3.0333588488880663,9957.929690994059,3.387434552354554,11120.291658718721
3.2774364912180043,3.297590848842544,10759.189325130672,10825.352178320916,3,78,3.1988958742154567,10501.35568890087,3.3348716239627016,10947.737743618733
3.275824325173296,3.2929304817944263,10753.896896201835,10810.053095781972,4,78,3.1098097831812175,10208.903303555946,3.3208957277043796,10901.857582634811
3.2757420131475583,3.295088652805417,10753.626681761054,10817.137953281266,0,79,3.0370786755614607,9970.141161618421,3.2747428509386336,10750.346625716906
3.2730472238272585,3.2980814382478014,10744.780210268438,10826.962688335749,1,79,3.056285471143278,10033.193352117787,3.375351869326552,11080.626550149214
3.277614200117109,3.28796324919825,10759.772709033108,10793.746633073262,2,79,3.159333997912302,10371.481710154494,3.2540564954232787,10682.4373264725
3.2698627228533717,3.2881595562733428,10734.326110249738,10794.391071185926,3,79,3.0593559625893563,10043.27318093463,3.3248704147451393,10914.905710491525
3.2737103473925666,3.287837639601269,10746.957116519465,10793.33428109067,4,79,3.113435847916732,10220.806971895247,3.1753979739569442,10424.216632720281
3.276052376357759,3.2849055362906627,10754.645544078314,10783.708753723724,0,80,3.1158987815252077,10228.892305984808,3.2784265458531663,10762.439482773842
3.2752454734150307,3.291661107153534,10751.996637974078,10805.88598465031,1,80,3.1241436167386927,10255.958503378435,3.294376623441057,10814.80049876255
3.279500644087704,3.29409746974159,10765.965539278717,10813.88409122531,2,80,3.1643499103317656,10387.947979296212,3.4019901861327835,11168.074985714335
3.2786239740538625,3.3001413635901145,10763.08760132476,10833.725024330044,3,80,3.174754719894103,10422.10495419812,3.4251027649465677,11243.949106209377
3.2718165105282715,3.2957176146405036,10740.74001683547,10819.202713187404,4,80,3.073179297855979,10088.652513726242,3.374854542499568,11078.99392248356
3.274733718113819,3.3020548598339303,10750.316644421617,10840.006661949967,0,81,3.1056150039171664,10195.13265555102,3.517747775803065,11548.084736145991
3.2763831362936475,3.268593564537661,10755.731364896177,10730.159709271755,1,81,3.136434558272494,10296.307284293222,3.040345652654414,9980.866014764508
3.269214816384758,3.2877972378463425,10732.19915878036,10793.201649953047,2,81,3.0685549036529802,10073.47152307168,3.272203027213683,10742.008876264728
3.2752774783206777,3.2811424362617116,10752.101703881572,10771.355225052952,3,81,3.0906685217088667,10146.066248847277,3.1157520592925643,10228.410645307798
3.2732974483956077,3.2864674133504184,10745.601649070337,10788.836093653423,4,81,3.1031271247922416,10186.965430161656,3.209157418197541,10535.042350646181
3.273609402272782,3.2954226200535426,10746.62573323924,10818.234303084106,0,82,3.1173566982793717,10233.678364363164,3.459721643863853,11357.596181749324
3.278737420078294,3.287073841012385,10763.460022654148,10790.826878232949,1,82,3.165847858083538,10392.865451687718,3.166469056330286,10394.904725236758
3.2725365810194655,3.2909360859525796,10743.103868816424,10803.505880447921,2,82,3.0544266011392813,10027.091041864824,3.2650136158205103,10718.407430890376
3.274605968860557,3.2899180875765506,10749.897268361792,10800.163988914792,3,82,3.121916933770201,10248.64873439001,3.235996564069577,10623.150069143794
3.2725717059221777,3.2779982924846403,10743.219177070092,10761.033609896229,4,82,3.0839856187723895,10124.127572650901,3.1724005519236593,10414.376676635751
3.269976045460929,3.2842121886883784,10734.69812642543,10781.43262781218,0,83,3.055041371923303,10029.109215298407,3.120580691903738,10244.262111105632
3.2771866829104606,3.2895410381537524,10758.369252832386,10798.926208675362,1,83,3.135078079023175,10291.854225599898,3.373566194904869,11074.76452681866
3.278281405753723,3.289063887280646,10761.963015933752,10797.359814759217,2,83,3.136960836303923,10298.03495315667,3.2225841798411947,10579.119809030064
3.275461002736279,3.2841943109273375,10752.70417899849,10781.37393858471,3,83,3.0830013441235558,10120.89638958355,3.1860481573931216,10459.179122533358
3.276447226553603,3.2863321348351966,10755.941760808537,10788.392000484635,4,83,3.114080353378902,10222.922758519077,3.1942251682357874,10486.022665651775
3.273039035374416,3.296791754304169,10744.753329163446,10822.728905696084,0,84,3.1011621895218213,10180.514928178562,3.372264506634492,11070.491336298934
3.275180247954384,3.2977985254206983,10751.782515417697,10826.033940310437,1,84,3.100243448202511,10177.498878341506,3.4279104269102083,11253.166116732298
3.274340164377157,3.290352003348984,10749.024683715827,10801.588450367912,2,84,3.0718188160027142,10084.186315259267,3.282884029050068,10777.072536917702
3.280837141490163,3.278003997163301,10770.353001438283,10761.052337251565,3,84,3.20863082124714,10533.313634833508,3.10361570106932,10188.569331466515
3.2711473799675557,3.2825807262993285,10738.543390781775,10776.076852721597,4,84,3.0948594467828174,10159.824244292466,3.070641072322944,10080.32001082863
3.273665449870847,3.294602621542799,10746.809726650066,10815.542406766037,0,85,3.10512291271081,10193.51721541401,3.317776071366231,10891.616354998081
3.2756542225197354,3.2910753246492774,10753.338482130574,10803.96297412561,1,85,3.148260935764763,10335.130991422478,3.2857416747544907,10786.453634382264
3.2768653576603883,3.2925132104453034,10757.314404261031,10808.683274747395,2,85,3.069292194182722,10075.891905104518,3.335189039157908,10948.779756237147
3.2806445492391507,3.3019072985888767,10769.720758373696,10839.522246957687,3,85,3.1944038365774374,10486.609199218288,3.4201983839960386,11227.848973282102
3.2718957867553966,3.289091830693599,10741.000265337289,10797.451547572698,4,85,3.106975463114726,10199.598779643702,3.3146834574057995,10881.463902250642
3.2815718117519856,3.2864753723679336,10772.764781638964,10788.862221566662,0,86,3.16825490681026,10400.767326532587,3.3226151016189336,10907.501954239551
3.2745624568401155,3.2974013764188204,10749.754426824784,10824.730177045169,1,86,3.103905279229944,10189.519960491036,3.3827457041166764,11104.899077949174
3.275528344797996,3.2849458419011444,10752.925249946311,10783.841069237751,2,86,3.139929401198786,10307.78017684395,3.2029647806312895,10514.713120720371
3.2745281015446666,3.291823342735219,10749.641645042728,10806.418572648065,3,86,3.0788439777062524,10107.248560709502,3.284398455712919,10782.044106383137
3.277801519424382,3.2958941338291425,10760.387642044503,10819.782191500766,4,86,3.079520699778422,10109.470108225212,3.2357422538149696,10622.315217825095
3.2765837682815446,3.2848625004545267,10756.390000860063,10783.567475407575,0,87,3.135904884100738,10294.568466558743,3.202022401060403,10511.619471080941
3.2737680918202057,3.2919190292788216,10747.146680293195,10806.732693041016,1,87,3.0423516938498505,9987.451459539274,3.2897843089434415,10799.724819568528
3.270454504665804,3.2975758618516244,10736.268815341411,10825.30297893196,2,87,3.023091355745605,9924.223499307285,3.282416327710421,10775.537163990002
3.2764339076260223,3.2964667192609785,10755.898037348505,10821.661878592324,3,87,3.1335009372497744,10286.676774571311,3.355148194269168,11014.301797377262
3.2769519509683684,3.287217142835626,10757.598673322333,10791.29731036826,4,87,3.1090918181054343,10206.546363246078,3.2820160044408744,10774.222980218674
3.2736691563302007,3.294876431866472,10746.82189423837,10816.44127303529,0,88,3.0697107044795775,10077.26579336458,3.3682922477654738,11057.451179659829
3.27321925038533,3.2966428435868464,10745.344940145638,10822.240060647673,1,88,3.1010750151325177,10180.228751539795,3.356126450405104,11017.513222832249
3.277357639663635,3.291346436718297,10758.930470747284,10804.85298254735,2,88,3.074323681915437,10092.409304983481,3.323862835521892,10911.59802301931
3.272294084687991,3.285010335240011,10742.307800319599,10784.052788380115,3,88,3.0412773645061315,9983.924644347711,3.243745631947679,10648.588758380696
3.2736078180759427,3.2841312104598352,10746.620532627798,10781.166791969299,4,88,3.0512360079850387,10016.61694239777,3.174231150826708,10420.386178339004
3.2737872829657277,3.2889103250663854,10747.20968110758,10796.855699747122,0,89,3.1437799562008863,10320.420803255913,3.370006835701975,11063.079839825426
3.2772222841086243,3.2905396000303577,10758.486124671785,10802.204293944762,1,89,3.1395627318696606,10306.576472441942,3.300366694413591,10834.464741788204
3.2732214343926156,3.285518018315293,10745.352109818632,10785.719413603443,2,89,3.1312993095356854,10279.449257131138,3.3652612605008363,11047.501035420668
3.2742920531628856,3.2898140734616947,10748.866743916107,10799.822530718053,3,89,3.082012333319122,10117.649658634524,3.2705959560111837,10736.733172716244
3.276026504700435,3.2926427354280547,10754.560612437368,10809.108480183257,4,89,3.0867313446581393,10133.141259024029,3.3600217667476313,11030.300792056802
3.271031543215357,3.2954836209344847,10738.163121156083,10818.43455716342,0,90,3.1049674082973424,10193.006724538023,3.285273156993695,10784.91558130203
3.2752882838950113,3.298922027380249,10752.137176489605,10829.722179677497,1,90,3.055355500257461,10030.140437788501,3.4151407266580835,11211.24566365688
3.2758971557298744,3.2765980095009644,10754.135984815444,10756.436752025606,2,90,3.0652182744966807,10062.518015689744,3.1530896251473477,10350.982643589865
3.27266122098296,3.281589377155894,10743.513037680048,10772.822445458454,3,90,3.111662341236111,10214.984892902314,3.194650319764581,10487.418355790218
3.277141910957455,3.2917319211461757,10758.222275180751,10806.118453275021,4,90,3.1888982058343345,10468.535279654012,3.319234075359478,10896.402699765456
3.275298301390608,3.293984711242687,10752.170061987763,10813.51392690909,0,91,3.0653452498685883,10062.934851246939,3.254738532461147,10684.676321991357
3.2725411744077824,3.299915297767832,10743.11894802076,10832.982894013136,1,91,3.067751982469238,10070.835688311134,3.4902538380989063,11457.827462863952
3.273904571305968,3.2839251634174027,10747.594716015707,10780.490379430003,2,91,3.0538600367746107,10025.231120770792,3.1389486573411807,10304.560584680466
3.2719417256727454,3.2873847769311757,10741.151073906873,10791.847620641603,3,91,3.1139004150218916,10222.332055738072,3.271442200089371,10739.51122814978
3.278309783877106,3.272920586192974,10762.056175817392,10744.364483438456,4,91,3.107308919568151,10200.693452606458,3.118071565645724,10236.025135492844
3.2773068388286664,3.28473268208861,10758.763701443659,10783.141306851596,0,92,3.124850589187148,10258.279357021509,3.2385745883194224,10631.61322352167
3.2748901740458365,3.2962726380350906,10750.830258948741,10821.024747511558,1,92,3.1037053791336096,10188.86372718542,3.4292258996875136,11257.484559118904
3.2744159180449772,3.294027417584905,10749.273368337583,10813.654123560515,2,92,3.1234297546066774,10253.615032238424,3.3398322029150367,10964.022363703192
3.273889673644584,3.2856443972717897,10747.545809878322,10786.134291244342,3,92,3.1081666680506546,10203.509274771533,3.2160475520943743,10557.661325955138
3.279440594032689,3.2919737315337643,10765.768406576799,10806.912269950895,4,92,3.1062499525797955,10197.217069052633,3.4247423212430217,11242.765839330552
3.2720321413690536,3.2875329159513287,10741.447891128852,10792.333932357646,0,93,3.0372967656071346,9970.857109005232,3.2573921143625055,10693.387517507415
3.2772044978891905,3.2881336591759136,10758.427735957686,10794.30605603004,1,93,3.1342020039988956,10288.97824094711,3.250225491604222,10669.86088280838
3.2737462248376135,3.286678602622829,10747.074895223888,10789.529387137947,2,93,3.0894801609910636,10142.165090736771,3.1724202585750065,10414.44136975593
3.274327515299086,3.291416186051998,10748.983159242014,10805.081956102931,3,93,3.093570993248983,10155.5945008499,3.1836284713712346,10451.235761895672
3.275647550412438,3.288322134295081,10753.316578894362,10794.924783348062,4,93,3.096933722989202,10166.633691394465,3.2181684967440574,10564.623976519139
3.2752816883221176,3.2791352815907024,10752.115524501034,10764.766124953505,0,94,3.0311778571515475,9950.769917472091,3.1849104486141733,10455.444244929362
3.2757319579453803,3.3027076826862873,10753.593672479497,10842.149752955116,1,94,3.09278328714494,10153.008614249606,3.43318547869936,11270.48309024237
3.276688226885503,3.286587175552654,10756.73291822845,10789.229249771415,2,94,3.1319449319959096,10281.568710643272,3.1535396624663226,10352.460028958334
3.275133571287681,3.2898595566460065,10751.629284959836,10799.97184320433,3,94,3.076799242783767,10100.536091921877,3.2975092969936863,10825.084459393634
3.2745219546511106,3.2801388851418407,10749.621465981534,10768.06076106408,4,94,3.0896881449949247,10142.847861945347,3.2595763823456974,10700.558046312764
3.2759382913604465,3.2945978856579994,10754.27102512469,10815.526859773348,0,95,3.13699805149883,10298.157123434827,3.3369477833486565,10954.553372834584
3.275135443517086,3.2940561339985788,10751.63543112642,10813.74839398567,1,95,3.078136348113155,10104.925549787824,3.3507665654234464,10999.917758379133
3.2743679480553403,3.2883118932845767,10749.115892150994,10794.891164093746,2,95,3.053921073003277,10025.431490889836,3.2290912580295945,10600.481286626964
3.2753475686754476,3.297225868430204,10752.331796943286,10824.15401830566,3,95,3.0949781721343212,10160.213996630291,3.4737440048089194,11403.628877301946
3.274996318779238,3.2911565177294753,10751.178711553563,10804.229515284862,4,95,3.1184034723532967,10237.114720940077,3.396653628528451,11150.556100523634
3.2775670083200894,3.2869940021149953,10759.617787502186,10790.564782593623,0,96,3.0719458755436464,10084.60342712707,3.194987645033718,10488.52572932576
3.2738153499879625,3.2865759917134354,10747.301819706401,10789.192535393007,1,96,3.0711892823145024,10082.11967807006,3.1849794082276466,10455.670625986366
3.266935216003065,3.279893713949499,10724.715672171853,10767.255911517019,2,96,3.0429610257757576,9989.451778254906,3.070287313438377,10079.158688916003
3.273406478354414,3.294208463370533,10745.959573311451,10814.248461815216,3,96,3.101474410041501,10181.539887683164,3.314891364820199,10882.146422030846
3.276073384983352,3.295047573247721,10754.714511327811,10817.003097048406,4,96,3.121568434525411,10247.50467885624,3.28362516610774,10779.505546356853
3.2738449675612564,3.2973064612625644,10747.399048464087,10824.4185889675,0,97,3.1184702281571557,10237.333867316882,3.356493744077315,11018.7189768317
3.2769935863208985,3.2894512337045336,10757.735354122005,10798.631398059213,1,97,3.1410565864003033,10311.48050758113,3.2340021108323493,10616.602665391823
3.2789333886739227,3.2865127855240996,10764.10334960428,10788.985041713298,2,97,3.1193425253534186,10240.197450091871,3.3319094155570173,10938.013387054494
3.272125934089533,3.296943028910335,10741.755794467223,10823.225510933802,3,97,3.0521232952461586,10019.529734652859,3.446938029719902,11315.63005206146
3.2734882072021048,3.2771391697598284,10746.227873291627,10758.213276359778,4,97,3.1720167358411633,10413.116682762895,3.097940763875149,10169.93961160957
3.2823539338397967,3.296368251210534,10775.332336995316,10821.338627051047,0,98,3.1880016672010014,10465.592116935477,3.3746692189725866,11078.385541232381
3.273378333185608,3.272639762970955,10745.867178172573,10743.442595181981,1,98,3.122901996544475,10251.882504720556,3.062795566685948,10054.564735104446
3.2725850974590096,3.2912949897047326,10743.263138892242,10804.684091964536,2,98,3.140994386762906,10311.27631821651,3.222727678188162,10579.590886314701
3.275424013983532,3.301284343511203,10752.582752086095,10837.477206072928,3,98,3.133922487089108,10288.060641060722,3.4972147304124275,11480.678724352529
3.2736343556282175,3.2911412965182585,10746.707650272907,10804.179546996025,4,98,3.0737246843246373,10090.442911888766,3.2269607796545823,10593.487338688912
3.2789002543054018,3.2961613053931833,10763.994575888893,10820.659264007745,0,99,3.1778910427564715,10432.400894806387,3.3185246217197553,10894.073700851932
3.2761819275953656,3.290861942974797,10755.070835703778,10803.262483409646,1,99,3.080789444436543,10113.635151245435,3.383980516603335,11108.952728221448
3.2764620358802055,3.2888441060322586,10755.990376959948,10796.638315481396,2,99,3.0483195521906192,10007.04278279632,3.2306091499732674,10605.464231938284
3.2767219426182543,3.2964900339764966,10756.843600450029,10821.738416288474,3,99,3.1133445729342863,10220.507333803276,3.3703888303784275,11064.333854374958
3.2749279746195876,3.2814531807029157,10750.954350912285,10772.375338877766,4,99,3.102748100734801,10185.72116757908,3.188692139319642,10467.858803191055
